--
-- PostgreSQL database dump
--

-- Dumped from database version 14.12 (Homebrew)
-- Dumped by pg_dump version 14.12 (Homebrew)

SET statement_timeout = 0;
SET lock_timeout = 0;
SET idle_in_transaction_session_timeout = 0;
SET client_encoding = 'UTF8';
SET standard_conforming_strings = on;
SELECT pg_catalog.set_config('search_path', '', false);
SET check_function_bodies = false;
SET xmloption = content;
SET client_min_messages = warning;
SET row_security = off;

--
-- Name: public; Type: SCHEMA; Schema: -; Owner: prabhatshukla
--

CREATE SCHEMA public;


ALTER SCHEMA public OWNER TO prabhatshukla;

--
-- Name: SCHEMA public; Type: COMMENT; Schema: -; Owner: prabhatshukla
--

COMMENT ON SCHEMA public IS 'standard public schema';


SET default_tablespace = '';

SET default_table_access_method = heap;

--
-- Name: assignments; Type: TABLE; Schema: public; Owner: prabhatshukla
--

CREATE TABLE public.assignments (
    id integer NOT NULL,
    teacher_id integer NOT NULL,
    student_id integer NOT NULL,
    lesson_id integer NOT NULL,
    assigned_date timestamp without time zone DEFAULT now() NOT NULL,
    assignment_kind character varying(20) DEFAULT 'homework'::character varying NOT NULL,
    available_on date
);


ALTER TABLE public.assignments OWNER TO prabhatshukla;

--
-- Name: assignments_id_seq; Type: SEQUENCE; Schema: public; Owner: prabhatshukla
--

CREATE SEQUENCE public.assignments_id_seq
    AS integer
    START WITH 1
    INCREMENT BY 1
    NO MINVALUE
    NO MAXVALUE
    CACHE 1;


ALTER TABLE public.assignments_id_seq OWNER TO prabhatshukla;

--
-- Name: assignments_id_seq; Type: SEQUENCE OWNED BY; Schema: public; Owner: prabhatshukla
--

ALTER SEQUENCE public.assignments_id_seq OWNED BY public.assignments.id;


--
-- Name: chapters; Type: TABLE; Schema: public; Owner: prabhatshukla
--

CREATE TABLE public.chapters (
    id integer NOT NULL,
    sub_lesson_id integer NOT NULL,
    chapter_name character varying(120) NOT NULL
);


ALTER TABLE public.chapters OWNER TO prabhatshukla;

--
-- Name: chapters_id_seq; Type: SEQUENCE; Schema: public; Owner: prabhatshukla
--

CREATE SEQUENCE public.chapters_id_seq
    AS integer
    START WITH 1
    INCREMENT BY 1
    NO MINVALUE
    NO MAXVALUE
    CACHE 1;


ALTER TABLE public.chapters_id_seq OWNER TO prabhatshukla;

--
-- Name: chapters_id_seq; Type: SEQUENCE OWNED BY; Schema: public; Owner: prabhatshukla
--

ALTER SEQUENCE public.chapters_id_seq OWNED BY public.chapters.id;


--
-- Name: django_content_type; Type: TABLE; Schema: public; Owner: prabhatshukla
--

CREATE TABLE public.django_content_type (
    id integer NOT NULL,
    app_label character varying(100) NOT NULL,
    model character varying(100) NOT NULL
);


ALTER TABLE public.django_content_type OWNER TO prabhatshukla;

--
-- Name: django_content_type_id_seq; Type: SEQUENCE; Schema: public; Owner: prabhatshukla
--

ALTER TABLE public.django_content_type ALTER COLUMN id ADD GENERATED BY DEFAULT AS IDENTITY (
    SEQUENCE NAME public.django_content_type_id_seq
    START WITH 1
    INCREMENT BY 1
    NO MINVALUE
    NO MAXVALUE
    CACHE 1
);


--
-- Name: django_migrations; Type: TABLE; Schema: public; Owner: prabhatshukla
--

CREATE TABLE public.django_migrations (
    id bigint NOT NULL,
    app character varying(255) NOT NULL,
    name character varying(255) NOT NULL,
    applied timestamp with time zone NOT NULL
);


ALTER TABLE public.django_migrations OWNER TO prabhatshukla;

--
-- Name: django_migrations_id_seq; Type: SEQUENCE; Schema: public; Owner: prabhatshukla
--

ALTER TABLE public.django_migrations ALTER COLUMN id ADD GENERATED BY DEFAULT AS IDENTITY (
    SEQUENCE NAME public.django_migrations_id_seq
    START WITH 1
    INCREMENT BY 1
    NO MINVALUE
    NO MAXVALUE
    CACHE 1
);


--
-- Name: django_session; Type: TABLE; Schema: public; Owner: prabhatshukla
--

CREATE TABLE public.django_session (
    session_key character varying(40) NOT NULL,
    session_data text NOT NULL,
    expire_date timestamp with time zone NOT NULL
);


ALTER TABLE public.django_session OWNER TO prabhatshukla;

--
-- Name: grades; Type: TABLE; Schema: public; Owner: prabhatshukla
--

CREATE TABLE public.grades (
    id integer NOT NULL,
    grade_name character varying(60) NOT NULL
);


ALTER TABLE public.grades OWNER TO prabhatshukla;

--
-- Name: grades_id_seq; Type: SEQUENCE; Schema: public; Owner: prabhatshukla
--

CREATE SEQUENCE public.grades_id_seq
    AS integer
    START WITH 1
    INCREMENT BY 1
    NO MINVALUE
    NO MAXVALUE
    CACHE 1;


ALTER TABLE public.grades_id_seq OWNER TO prabhatshukla;

--
-- Name: grades_id_seq; Type: SEQUENCE OWNED BY; Schema: public; Owner: prabhatshukla
--

ALTER SEQUENCE public.grades_id_seq OWNED BY public.grades.id;


--
-- Name: learnings; Type: TABLE; Schema: public; Owner: prabhatshukla
--

CREATE TABLE public.learnings (
    id integer NOT NULL,
    unit_id integer,
    learning_text text NOT NULL,
    chapter_id integer,
    answer_text text
);


ALTER TABLE public.learnings OWNER TO prabhatshukla;

--
-- Name: learnings_id_seq; Type: SEQUENCE; Schema: public; Owner: prabhatshukla
--

CREATE SEQUENCE public.learnings_id_seq
    AS integer
    START WITH 1
    INCREMENT BY 1
    NO MINVALUE
    NO MAXVALUE
    CACHE 1;


ALTER TABLE public.learnings_id_seq OWNER TO prabhatshukla;

--
-- Name: learnings_id_seq; Type: SEQUENCE OWNED BY; Schema: public; Owner: prabhatshukla
--

ALTER SEQUENCE public.learnings_id_seq OWNED BY public.learnings.id;


--
-- Name: lesson_types; Type: TABLE; Schema: public; Owner: prabhatshukla
--

CREATE TABLE public.lesson_types (
    id integer NOT NULL,
    grade_id integer NOT NULL,
    lesson_name character varying(120) NOT NULL
);


ALTER TABLE public.lesson_types OWNER TO prabhatshukla;

--
-- Name: lesson_types_id_seq; Type: SEQUENCE; Schema: public; Owner: prabhatshukla
--

CREATE SEQUENCE public.lesson_types_id_seq
    AS integer
    START WITH 1
    INCREMENT BY 1
    NO MINVALUE
    NO MAXVALUE
    CACHE 1;


ALTER TABLE public.lesson_types_id_seq OWNER TO prabhatshukla;

--
-- Name: lesson_types_id_seq; Type: SEQUENCE OWNED BY; Schema: public; Owner: prabhatshukla
--

ALTER SEQUENCE public.lesson_types_id_seq OWNED BY public.lesson_types.id;


--
-- Name: questions; Type: TABLE; Schema: public; Owner: prabhatshukla
--

CREATE TABLE public.questions (
    id integer NOT NULL,
    assignment_id integer NOT NULL,
    question_text text NOT NULL,
    correct_answer character varying(120) NOT NULL
);


ALTER TABLE public.questions OWNER TO prabhatshukla;

--
-- Name: questions_id_seq; Type: SEQUENCE; Schema: public; Owner: prabhatshukla
--

CREATE SEQUENCE public.questions_id_seq
    AS integer
    START WITH 1
    INCREMENT BY 1
    NO MINVALUE
    NO MAXVALUE
    CACHE 1;


ALTER TABLE public.questions_id_seq OWNER TO prabhatshukla;

--
-- Name: questions_id_seq; Type: SEQUENCE OWNED BY; Schema: public; Owner: prabhatshukla
--

ALTER SEQUENCE public.questions_id_seq OWNED BY public.questions.id;


--
-- Name: student_answers; Type: TABLE; Schema: public; Owner: prabhatshukla
--

CREATE TABLE public.student_answers (
    id integer NOT NULL,
    question_id integer NOT NULL,
    student_id integer NOT NULL,
    student_answer character varying(120) NOT NULL,
    is_correct boolean NOT NULL
);


ALTER TABLE public.student_answers OWNER TO prabhatshukla;

--
-- Name: student_answers_id_seq; Type: SEQUENCE; Schema: public; Owner: prabhatshukla
--

CREATE SEQUENCE public.student_answers_id_seq
    AS integer
    START WITH 1
    INCREMENT BY 1
    NO MINVALUE
    NO MAXVALUE
    CACHE 1;


ALTER TABLE public.student_answers_id_seq OWNER TO prabhatshukla;

--
-- Name: student_answers_id_seq; Type: SEQUENCE OWNED BY; Schema: public; Owner: prabhatshukla
--

ALTER SEQUENCE public.student_answers_id_seq OWNED BY public.student_answers.id;


--
-- Name: students; Type: TABLE; Schema: public; Owner: prabhatshukla
--

CREATE TABLE public.students (
    id integer NOT NULL,
    user_id integer NOT NULL,
    grade_id integer,
    first_name character varying(120),
    last_name character varying(120),
    father_name character varying(120),
    mother_name character varying(120),
    contact character varying(40),
    profile_photo text,
    date_of_birth date
);


ALTER TABLE public.students OWNER TO prabhatshukla;

--
-- Name: students_id_seq; Type: SEQUENCE; Schema: public; Owner: prabhatshukla
--

CREATE SEQUENCE public.students_id_seq
    AS integer
    START WITH 1
    INCREMENT BY 1
    NO MINVALUE
    NO MAXVALUE
    CACHE 1;


ALTER TABLE public.students_id_seq OWNER TO prabhatshukla;

--
-- Name: students_id_seq; Type: SEQUENCE OWNED BY; Schema: public; Owner: prabhatshukla
--

ALTER SEQUENCE public.students_id_seq OWNED BY public.students.id;


--
-- Name: sub_lesson_type_master; Type: TABLE; Schema: public; Owner: prabhatshukla
--

CREATE TABLE public.sub_lesson_type_master (
    id integer NOT NULL,
    type_name character varying(120) NOT NULL
);


ALTER TABLE public.sub_lesson_type_master OWNER TO prabhatshukla;

--
-- Name: sub_lesson_type_master_id_seq; Type: SEQUENCE; Schema: public; Owner: prabhatshukla
--

CREATE SEQUENCE public.sub_lesson_type_master_id_seq
    AS integer
    START WITH 1
    INCREMENT BY 1
    NO MINVALUE
    NO MAXVALUE
    CACHE 1;


ALTER TABLE public.sub_lesson_type_master_id_seq OWNER TO prabhatshukla;

--
-- Name: sub_lesson_type_master_id_seq; Type: SEQUENCE OWNED BY; Schema: public; Owner: prabhatshukla
--

ALTER SEQUENCE public.sub_lesson_type_master_id_seq OWNED BY public.sub_lesson_type_master.id;


--
-- Name: sub_lessons; Type: TABLE; Schema: public; Owner: prabhatshukla
--

CREATE TABLE public.sub_lessons (
    id integer NOT NULL,
    lesson_type_id integer NOT NULL,
    sub_lesson_name character varying(120) NOT NULL,
    sub_lesson_type_master_id integer
);


ALTER TABLE public.sub_lessons OWNER TO prabhatshukla;

--
-- Name: sub_lessons_id_seq; Type: SEQUENCE; Schema: public; Owner: prabhatshukla
--

CREATE SEQUENCE public.sub_lessons_id_seq
    AS integer
    START WITH 1
    INCREMENT BY 1
    NO MINVALUE
    NO MAXVALUE
    CACHE 1;


ALTER TABLE public.sub_lessons_id_seq OWNER TO prabhatshukla;

--
-- Name: sub_lessons_id_seq; Type: SEQUENCE OWNED BY; Schema: public; Owner: prabhatshukla
--

ALTER SEQUENCE public.sub_lessons_id_seq OWNED BY public.sub_lessons.id;


--
-- Name: units; Type: TABLE; Schema: public; Owner: prabhatshukla
--

CREATE TABLE public.units (
    id integer NOT NULL,
    chapter_id integer NOT NULL,
    unit_name character varying(120) NOT NULL
);


ALTER TABLE public.units OWNER TO prabhatshukla;

--
-- Name: units_id_seq; Type: SEQUENCE; Schema: public; Owner: prabhatshukla
--

CREATE SEQUENCE public.units_id_seq
    AS integer
    START WITH 1
    INCREMENT BY 1
    NO MINVALUE
    NO MAXVALUE
    CACHE 1;


ALTER TABLE public.units_id_seq OWNER TO prabhatshukla;

--
-- Name: units_id_seq; Type: SEQUENCE OWNED BY; Schema: public; Owner: prabhatshukla
--

ALTER SEQUENCE public.units_id_seq OWNED BY public.units.id;


--
-- Name: users; Type: TABLE; Schema: public; Owner: prabhatshukla
--

CREATE TABLE public.users (
    id integer NOT NULL,
    name character varying(120) NOT NULL,
    email character varying(180) NOT NULL,
    password text NOT NULL,
    role character varying(20) NOT NULL,
    CONSTRAINT users_role_check CHECK (((role)::text = ANY ((ARRAY['teacher'::character varying, 'student'::character varying])::text[])))
);


ALTER TABLE public.users OWNER TO prabhatshukla;

--
-- Name: users_id_seq; Type: SEQUENCE; Schema: public; Owner: prabhatshukla
--

CREATE SEQUENCE public.users_id_seq
    AS integer
    START WITH 1
    INCREMENT BY 1
    NO MINVALUE
    NO MAXVALUE
    CACHE 1;


ALTER TABLE public.users_id_seq OWNER TO prabhatshukla;

--
-- Name: users_id_seq; Type: SEQUENCE OWNED BY; Schema: public; Owner: prabhatshukla
--

ALTER SEQUENCE public.users_id_seq OWNED BY public.users.id;


--
-- Name: assignments id; Type: DEFAULT; Schema: public; Owner: prabhatshukla
--

ALTER TABLE ONLY public.assignments ALTER COLUMN id SET DEFAULT nextval('public.assignments_id_seq'::regclass);


--
-- Name: chapters id; Type: DEFAULT; Schema: public; Owner: prabhatshukla
--

ALTER TABLE ONLY public.chapters ALTER COLUMN id SET DEFAULT nextval('public.chapters_id_seq'::regclass);


--
-- Name: grades id; Type: DEFAULT; Schema: public; Owner: prabhatshukla
--

ALTER TABLE ONLY public.grades ALTER COLUMN id SET DEFAULT nextval('public.grades_id_seq'::regclass);


--
-- Name: learnings id; Type: DEFAULT; Schema: public; Owner: prabhatshukla
--

ALTER TABLE ONLY public.learnings ALTER COLUMN id SET DEFAULT nextval('public.learnings_id_seq'::regclass);


--
-- Name: lesson_types id; Type: DEFAULT; Schema: public; Owner: prabhatshukla
--

ALTER TABLE ONLY public.lesson_types ALTER COLUMN id SET DEFAULT nextval('public.lesson_types_id_seq'::regclass);


--
-- Name: questions id; Type: DEFAULT; Schema: public; Owner: prabhatshukla
--

ALTER TABLE ONLY public.questions ALTER COLUMN id SET DEFAULT nextval('public.questions_id_seq'::regclass);


--
-- Name: student_answers id; Type: DEFAULT; Schema: public; Owner: prabhatshukla
--

ALTER TABLE ONLY public.student_answers ALTER COLUMN id SET DEFAULT nextval('public.student_answers_id_seq'::regclass);


--
-- Name: students id; Type: DEFAULT; Schema: public; Owner: prabhatshukla
--

ALTER TABLE ONLY public.students ALTER COLUMN id SET DEFAULT nextval('public.students_id_seq'::regclass);


--
-- Name: sub_lesson_type_master id; Type: DEFAULT; Schema: public; Owner: prabhatshukla
--

ALTER TABLE ONLY public.sub_lesson_type_master ALTER COLUMN id SET DEFAULT nextval('public.sub_lesson_type_master_id_seq'::regclass);


--
-- Name: sub_lessons id; Type: DEFAULT; Schema: public; Owner: prabhatshukla
--

ALTER TABLE ONLY public.sub_lessons ALTER COLUMN id SET DEFAULT nextval('public.sub_lessons_id_seq'::regclass);


--
-- Name: units id; Type: DEFAULT; Schema: public; Owner: prabhatshukla
--

ALTER TABLE ONLY public.units ALTER COLUMN id SET DEFAULT nextval('public.units_id_seq'::regclass);


--
-- Name: users id; Type: DEFAULT; Schema: public; Owner: prabhatshukla
--

ALTER TABLE ONLY public.users ALTER COLUMN id SET DEFAULT nextval('public.users_id_seq'::regclass);


--
-- Data for Name: assignments; Type: TABLE DATA; Schema: public; Owner: prabhatshukla
--

COPY public.assignments (id, teacher_id, student_id, lesson_id, assigned_date, assignment_kind, available_on) FROM stdin;
7	2	4	13	2026-03-24 00:40:32.240708	homework	2026-03-24
8	2	4	14	2026-03-24 00:40:32.240814	homework	2026-03-24
9	2	4	13	2026-03-24 00:42:56.348504	classroom	2026-03-24
10	2	4	14	2026-03-24 00:42:56.348593	classroom	2026-03-24
\.


--
-- Data for Name: chapters; Type: TABLE DATA; Schema: public; Owner: prabhatshukla
--

COPY public.chapters (id, sub_lesson_id, chapter_name) FROM stdin;
3	3	1
4	3	2
5	4	1
7	5	1
9	6	1
10	7	1
\.


--
-- Data for Name: django_content_type; Type: TABLE DATA; Schema: public; Owner: prabhatshukla
--

COPY public.django_content_type (id, app_label, model) FROM stdin;
1	contenttypes	contenttype
2	sessions	session
\.


--
-- Data for Name: django_migrations; Type: TABLE DATA; Schema: public; Owner: prabhatshukla
--

COPY public.django_migrations (id, app, name, applied) FROM stdin;
1	contenttypes	0001_initial	2026-03-22 21:36:48.201462+00
2	contenttypes	0002_remove_content_type_name	2026-03-22 21:36:48.207687+00
3	sessions	0001_initial	2026-03-22 22:18:34.486614+00
\.


--
-- Data for Name: django_session; Type: TABLE DATA; Schema: public; Owner: prabhatshukla
--

COPY public.django_session (session_key, session_data, expire_date) FROM stdin;
lds1pznvdi9u2ddd16lzvf28evqks4yd	eyJ1aV91c2VyX2lkIjoyfQ:1w55tZ:_M1lfTwYOmlYLeEWfVbkytIprl3ghInQfygyhUnG-IY	2026-04-07 18:50:25.221618+01
\.


--
-- Data for Name: grades; Type: TABLE DATA; Schema: public; Owner: prabhatshukla
--

COPY public.grades (id, grade_name) FROM stdin;
9	10
10	9
\.


--
-- Data for Name: learnings; Type: TABLE DATA; Schema: public; Owner: prabhatshukla
--

COPY public.learnings (id, unit_id, learning_text, chapter_id, answer_text) FROM stdin;
4	\N	1+2+3	3	6
5	\N	2+1+4	3	7
6	\N	1+2	4	3
7	\N	1+2	7	3
\.


--
-- Data for Name: lesson_types; Type: TABLE DATA; Schema: public; Owner: prabhatshukla
--

COPY public.lesson_types (id, grade_id, lesson_name) FROM stdin;
13	9	1
14	9	2
15	10	1
\.


--
-- Data for Name: questions; Type: TABLE DATA; Schema: public; Owner: prabhatshukla
--

COPY public.questions (id, assignment_id, question_text, correct_answer) FROM stdin;
\.


--
-- Data for Name: student_answers; Type: TABLE DATA; Schema: public; Owner: prabhatshukla
--

COPY public.student_answers (id, question_id, student_id, student_answer, is_correct) FROM stdin;
\.


--
-- Data for Name: students; Type: TABLE DATA; Schema: public; Owner: prabhatshukla
--

COPY public.students (id, user_id, grade_id, first_name, last_name, father_name, mother_name, contact, profile_photo, date_of_birth) FROM stdin;
3	4	\N	prabhat	shukla	fn	mn	0123456789	student_profiles/241abdc481054099aabf542290650800.png	\N
2	3	\N	t1	t1	ft1	mt1	0123456789	student_profiles/fbaadbe8508949b5872efa28d94f1b28.png	\N
\.


--
-- Data for Name: sub_lesson_type_master; Type: TABLE DATA; Schema: public; Owner: prabhatshukla
--

COPY public.sub_lesson_type_master (id, type_name) FROM stdin;
1	Reading Abacus
2	Listening Abacus
3	Listening Anzan
4	Flash Anzan
5	Multiplication Abacus
6	Multiplication Anzan
7	Division Abacus
8	Division Anzan
\.


--
-- Data for Name: sub_lessons; Type: TABLE DATA; Schema: public; Owner: prabhatshukla
--

COPY public.sub_lessons (id, lesson_type_id, sub_lesson_name, sub_lesson_type_master_id) FROM stdin;
3	13	Reading Abacus	1
4	14	Reading Abacus	1
5	14	Listening Abacus	2
6	15	Reading Abacus	1
7	15	Listening Abacus	2
\.


--
-- Data for Name: units; Type: TABLE DATA; Schema: public; Owner: prabhatshukla
--

COPY public.units (id, chapter_id, unit_name) FROM stdin;
\.


--
-- Data for Name: users; Type: TABLE DATA; Schema: public; Owner: prabhatshukla
--

COPY public.users (id, name, email, password, role) FROM stdin;
2	ps	teacher@example.com	$2a$10$8RCjiqHSJalYY6vdapRrd.AJarvgzSJBYQCj1vBJGfIQ6luQNI2xC	teacher
3	t1 t1	t1@gmail.com	$2b$12$DmgVx9KFUXoFIi1prcRwQOyyhKYLv7Q1.gCKcIUpge8e8HOJFm5Ru	student
4	prabhat shukla	prabhat@gmail.com	$2b$12$MndrsJybMPhkQASQLFD3pu77JhJLuuGSDDkoKb8lSTPOgrYznBQXK	student
5	Test	test@test.com	1234	teacher
\.


--
-- Name: assignments_id_seq; Type: SEQUENCE SET; Schema: public; Owner: prabhatshukla
--

SELECT pg_catalog.setval('public.assignments_id_seq', 10, true);


--
-- Name: chapters_id_seq; Type: SEQUENCE SET; Schema: public; Owner: prabhatshukla
--

SELECT pg_catalog.setval('public.chapters_id_seq', 10, true);


--
-- Name: django_content_type_id_seq; Type: SEQUENCE SET; Schema: public; Owner: prabhatshukla
--

SELECT pg_catalog.setval('public.django_content_type_id_seq', 2, true);


--
-- Name: django_migrations_id_seq; Type: SEQUENCE SET; Schema: public; Owner: prabhatshukla
--

SELECT pg_catalog.setval('public.django_migrations_id_seq', 3, true);


--
-- Name: grades_id_seq; Type: SEQUENCE SET; Schema: public; Owner: prabhatshukla
--

SELECT pg_catalog.setval('public.grades_id_seq', 10, true);


--
-- Name: learnings_id_seq; Type: SEQUENCE SET; Schema: public; Owner: prabhatshukla
--

SELECT pg_catalog.setval('public.learnings_id_seq', 7, true);


--
-- Name: lesson_types_id_seq; Type: SEQUENCE SET; Schema: public; Owner: prabhatshukla
--

SELECT pg_catalog.setval('public.lesson_types_id_seq', 15, true);


--
-- Name: questions_id_seq; Type: SEQUENCE SET; Schema: public; Owner: prabhatshukla
--

SELECT pg_catalog.setval('public.questions_id_seq', 1, false);


--
-- Name: student_answers_id_seq; Type: SEQUENCE SET; Schema: public; Owner: prabhatshukla
--

SELECT pg_catalog.setval('public.student_answers_id_seq', 1, false);


--
-- Name: students_id_seq; Type: SEQUENCE SET; Schema: public; Owner: prabhatshukla
--

SELECT pg_catalog.setval('public.students_id_seq', 3, true);


--
-- Name: sub_lesson_type_master_id_seq; Type: SEQUENCE SET; Schema: public; Owner: prabhatshukla
--

SELECT pg_catalog.setval('public.sub_lesson_type_master_id_seq', 8, true);


--
-- Name: sub_lessons_id_seq; Type: SEQUENCE SET; Schema: public; Owner: prabhatshukla
--

SELECT pg_catalog.setval('public.sub_lessons_id_seq', 7, true);


--
-- Name: units_id_seq; Type: SEQUENCE SET; Schema: public; Owner: prabhatshukla
--

SELECT pg_catalog.setval('public.units_id_seq', 2, true);


--
-- Name: users_id_seq; Type: SEQUENCE SET; Schema: public; Owner: prabhatshukla
--

SELECT pg_catalog.setval('public.users_id_seq', 5, true);


--
-- Name: assignments assignments_pkey; Type: CONSTRAINT; Schema: public; Owner: prabhatshukla
--

ALTER TABLE ONLY public.assignments
    ADD CONSTRAINT assignments_pkey PRIMARY KEY (id);


--
-- Name: chapters chapters_pkey; Type: CONSTRAINT; Schema: public; Owner: prabhatshukla
--

ALTER TABLE ONLY public.chapters
    ADD CONSTRAINT chapters_pkey PRIMARY KEY (id);


--
-- Name: django_content_type django_content_type_app_label_model_76bd3d3b_uniq; Type: CONSTRAINT; Schema: public; Owner: prabhatshukla
--

ALTER TABLE ONLY public.django_content_type
    ADD CONSTRAINT django_content_type_app_label_model_76bd3d3b_uniq UNIQUE (app_label, model);


--
-- Name: django_content_type django_content_type_pkey; Type: CONSTRAINT; Schema: public; Owner: prabhatshukla
--

ALTER TABLE ONLY public.django_content_type
    ADD CONSTRAINT django_content_type_pkey PRIMARY KEY (id);


--
-- Name: django_migrations django_migrations_pkey; Type: CONSTRAINT; Schema: public; Owner: prabhatshukla
--

ALTER TABLE ONLY public.django_migrations
    ADD CONSTRAINT django_migrations_pkey PRIMARY KEY (id);


--
-- Name: django_session django_session_pkey; Type: CONSTRAINT; Schema: public; Owner: prabhatshukla
--

ALTER TABLE ONLY public.django_session
    ADD CONSTRAINT django_session_pkey PRIMARY KEY (session_key);


--
-- Name: grades grades_grade_name_key; Type: CONSTRAINT; Schema: public; Owner: prabhatshukla
--

ALTER TABLE ONLY public.grades
    ADD CONSTRAINT grades_grade_name_key UNIQUE (grade_name);


--
-- Name: grades grades_pkey; Type: CONSTRAINT; Schema: public; Owner: prabhatshukla
--

ALTER TABLE ONLY public.grades
    ADD CONSTRAINT grades_pkey PRIMARY KEY (id);


--
-- Name: learnings learnings_pkey; Type: CONSTRAINT; Schema: public; Owner: prabhatshukla
--

ALTER TABLE ONLY public.learnings
    ADD CONSTRAINT learnings_pkey PRIMARY KEY (id);


--
-- Name: lesson_types lesson_types_pkey; Type: CONSTRAINT; Schema: public; Owner: prabhatshukla
--

ALTER TABLE ONLY public.lesson_types
    ADD CONSTRAINT lesson_types_pkey PRIMARY KEY (id);


--
-- Name: questions questions_pkey; Type: CONSTRAINT; Schema: public; Owner: prabhatshukla
--

ALTER TABLE ONLY public.questions
    ADD CONSTRAINT questions_pkey PRIMARY KEY (id);


--
-- Name: student_answers student_answers_pkey; Type: CONSTRAINT; Schema: public; Owner: prabhatshukla
--

ALTER TABLE ONLY public.student_answers
    ADD CONSTRAINT student_answers_pkey PRIMARY KEY (id);


--
-- Name: student_answers student_answers_question_id_student_id_key; Type: CONSTRAINT; Schema: public; Owner: prabhatshukla
--

ALTER TABLE ONLY public.student_answers
    ADD CONSTRAINT student_answers_question_id_student_id_key UNIQUE (question_id, student_id);


--
-- Name: students students_pkey; Type: CONSTRAINT; Schema: public; Owner: prabhatshukla
--

ALTER TABLE ONLY public.students
    ADD CONSTRAINT students_pkey PRIMARY KEY (id);


--
-- Name: students students_user_id_key; Type: CONSTRAINT; Schema: public; Owner: prabhatshukla
--

ALTER TABLE ONLY public.students
    ADD CONSTRAINT students_user_id_key UNIQUE (user_id);


--
-- Name: sub_lesson_type_master sub_lesson_type_master_pkey; Type: CONSTRAINT; Schema: public; Owner: prabhatshukla
--

ALTER TABLE ONLY public.sub_lesson_type_master
    ADD CONSTRAINT sub_lesson_type_master_pkey PRIMARY KEY (id);


--
-- Name: sub_lesson_type_master sub_lesson_type_master_type_name_key; Type: CONSTRAINT; Schema: public; Owner: prabhatshukla
--

ALTER TABLE ONLY public.sub_lesson_type_master
    ADD CONSTRAINT sub_lesson_type_master_type_name_key UNIQUE (type_name);


--
-- Name: sub_lessons sub_lessons_pkey; Type: CONSTRAINT; Schema: public; Owner: prabhatshukla
--

ALTER TABLE ONLY public.sub_lessons
    ADD CONSTRAINT sub_lessons_pkey PRIMARY KEY (id);


--
-- Name: units units_pkey; Type: CONSTRAINT; Schema: public; Owner: prabhatshukla
--

ALTER TABLE ONLY public.units
    ADD CONSTRAINT units_pkey PRIMARY KEY (id);


--
-- Name: users users_email_key; Type: CONSTRAINT; Schema: public; Owner: prabhatshukla
--

ALTER TABLE ONLY public.users
    ADD CONSTRAINT users_email_key UNIQUE (email);


--
-- Name: users users_pkey; Type: CONSTRAINT; Schema: public; Owner: prabhatshukla
--

ALTER TABLE ONLY public.users
    ADD CONSTRAINT users_pkey PRIMARY KEY (id);


--
-- Name: django_session_expire_date_a5c62663; Type: INDEX; Schema: public; Owner: prabhatshukla
--

CREATE INDEX django_session_expire_date_a5c62663 ON public.django_session USING btree (expire_date);


--
-- Name: django_session_session_key_c0390e0f_like; Type: INDEX; Schema: public; Owner: prabhatshukla
--

CREATE INDEX django_session_session_key_c0390e0f_like ON public.django_session USING btree (session_key varchar_pattern_ops);


--
-- Name: idx_answers_student; Type: INDEX; Schema: public; Owner: prabhatshukla
--

CREATE INDEX idx_answers_student ON public.student_answers USING btree (student_id);


--
-- Name: idx_assignments_student; Type: INDEX; Schema: public; Owner: prabhatshukla
--

CREATE INDEX idx_assignments_student ON public.assignments USING btree (student_id);


--
-- Name: idx_chapters_sub_lesson; Type: INDEX; Schema: public; Owner: prabhatshukla
--

CREATE INDEX idx_chapters_sub_lesson ON public.chapters USING btree (sub_lesson_id);


--
-- Name: idx_learnings_unit; Type: INDEX; Schema: public; Owner: prabhatshukla
--

CREATE INDEX idx_learnings_unit ON public.learnings USING btree (unit_id);


--
-- Name: idx_questions_assignment; Type: INDEX; Schema: public; Owner: prabhatshukla
--

CREATE INDEX idx_questions_assignment ON public.questions USING btree (assignment_id);


--
-- Name: idx_sub_lessons_lesson_type; Type: INDEX; Schema: public; Owner: prabhatshukla
--

CREATE INDEX idx_sub_lessons_lesson_type ON public.sub_lessons USING btree (lesson_type_id);


--
-- Name: idx_units_chapter; Type: INDEX; Schema: public; Owner: prabhatshukla
--

CREATE INDEX idx_units_chapter ON public.units USING btree (chapter_id);


--
-- Name: assignments assignments_lesson_id_fkey; Type: FK CONSTRAINT; Schema: public; Owner: prabhatshukla
--

ALTER TABLE ONLY public.assignments
    ADD CONSTRAINT assignments_lesson_id_fkey FOREIGN KEY (lesson_id) REFERENCES public.lesson_types(id) ON DELETE CASCADE;


--
-- Name: assignments assignments_student_id_fkey; Type: FK CONSTRAINT; Schema: public; Owner: prabhatshukla
--

ALTER TABLE ONLY public.assignments
    ADD CONSTRAINT assignments_student_id_fkey FOREIGN KEY (student_id) REFERENCES public.users(id) ON DELETE CASCADE;


--
-- Name: assignments assignments_teacher_id_fkey; Type: FK CONSTRAINT; Schema: public; Owner: prabhatshukla
--

ALTER TABLE ONLY public.assignments
    ADD CONSTRAINT assignments_teacher_id_fkey FOREIGN KEY (teacher_id) REFERENCES public.users(id) ON DELETE CASCADE;


--
-- Name: chapters chapters_sub_lesson_id_fkey; Type: FK CONSTRAINT; Schema: public; Owner: prabhatshukla
--

ALTER TABLE ONLY public.chapters
    ADD CONSTRAINT chapters_sub_lesson_id_fkey FOREIGN KEY (sub_lesson_id) REFERENCES public.sub_lessons(id) ON DELETE CASCADE;


--
-- Name: learnings learnings_chapter_id_fkey; Type: FK CONSTRAINT; Schema: public; Owner: prabhatshukla
--

ALTER TABLE ONLY public.learnings
    ADD CONSTRAINT learnings_chapter_id_fkey FOREIGN KEY (chapter_id) REFERENCES public.chapters(id) ON DELETE CASCADE;


--
-- Name: learnings learnings_unit_id_fkey; Type: FK CONSTRAINT; Schema: public; Owner: prabhatshukla
--

ALTER TABLE ONLY public.learnings
    ADD CONSTRAINT learnings_unit_id_fkey FOREIGN KEY (unit_id) REFERENCES public.units(id) ON DELETE CASCADE;


--
-- Name: lesson_types lesson_types_grade_id_fkey; Type: FK CONSTRAINT; Schema: public; Owner: prabhatshukla
--

ALTER TABLE ONLY public.lesson_types
    ADD CONSTRAINT lesson_types_grade_id_fkey FOREIGN KEY (grade_id) REFERENCES public.grades(id) ON DELETE CASCADE;


--
-- Name: questions questions_assignment_id_fkey; Type: FK CONSTRAINT; Schema: public; Owner: prabhatshukla
--

ALTER TABLE ONLY public.questions
    ADD CONSTRAINT questions_assignment_id_fkey FOREIGN KEY (assignment_id) REFERENCES public.assignments(id) ON DELETE CASCADE;


--
-- Name: student_answers student_answers_question_id_fkey; Type: FK CONSTRAINT; Schema: public; Owner: prabhatshukla
--

ALTER TABLE ONLY public.student_answers
    ADD CONSTRAINT student_answers_question_id_fkey FOREIGN KEY (question_id) REFERENCES public.questions(id) ON DELETE CASCADE;


--
-- Name: student_answers student_answers_student_id_fkey; Type: FK CONSTRAINT; Schema: public; Owner: prabhatshukla
--

ALTER TABLE ONLY public.student_answers
    ADD CONSTRAINT student_answers_student_id_fkey FOREIGN KEY (student_id) REFERENCES public.users(id) ON DELETE CASCADE;


--
-- Name: students students_grade_id_fkey; Type: FK CONSTRAINT; Schema: public; Owner: prabhatshukla
--

ALTER TABLE ONLY public.students
    ADD CONSTRAINT students_grade_id_fkey FOREIGN KEY (grade_id) REFERENCES public.grades(id) ON DELETE SET NULL;


--
-- Name: students students_user_id_fkey; Type: FK CONSTRAINT; Schema: public; Owner: prabhatshukla
--

ALTER TABLE ONLY public.students
    ADD CONSTRAINT students_user_id_fkey FOREIGN KEY (user_id) REFERENCES public.users(id) ON DELETE CASCADE;


--
-- Name: sub_lessons sub_lessons_lesson_type_id_fkey; Type: FK CONSTRAINT; Schema: public; Owner: prabhatshukla
--

ALTER TABLE ONLY public.sub_lessons
    ADD CONSTRAINT sub_lessons_lesson_type_id_fkey FOREIGN KEY (lesson_type_id) REFERENCES public.lesson_types(id) ON DELETE CASCADE;


--
-- Name: sub_lessons sub_lessons_sub_lesson_type_master_id_fkey; Type: FK CONSTRAINT; Schema: public; Owner: prabhatshukla
--

ALTER TABLE ONLY public.sub_lessons
    ADD CONSTRAINT sub_lessons_sub_lesson_type_master_id_fkey FOREIGN KEY (sub_lesson_type_master_id) REFERENCES public.sub_lesson_type_master(id) ON DELETE SET NULL;


--
-- Name: units units_chapter_id_fkey; Type: FK CONSTRAINT; Schema: public; Owner: prabhatshukla
--

ALTER TABLE ONLY public.units
    ADD CONSTRAINT units_chapter_id_fkey FOREIGN KEY (chapter_id) REFERENCES public.chapters(id) ON DELETE CASCADE;


--
-- PostgreSQL database dump complete
--

